{
  "model": {
    "mae": 398.56919529115754,
    "rmse": 527.4836160662214,
    "mape_pct": 2.673293691674585
  },
  "baseline_seasonal_naive": {
    "mae": 1437.4195878006778,
    "rmse": 1901.8620539520346,
    "mape_pct": 9.54147327261627
  },
  "skill_score_vs_baseline": 0.7227189620387824,
  "n_test": 18169
}